<?xml version="1.0" encoding="UTF-8" ?>

<order xmlns:xsi="http://www.w3.org/2001/XMLSchema-instance"
xsi:noNamespaceSchemaLocation="order Order.xsd">


	<datumref>2016-11-10</datumref>
	<orderref>111007B000054</orderref>
	<leverdatum>2016-11-11</leverdatum>	
	<opdrachtgever>
		<nr>1				</nr>
		<naam>MiddenPolder CM</naam>
	</opdrachtgever>
	<afleveradres>
		<adres>Maatweg 3</adres>
		<plaats>Amersfoort</plaats>
		<postcode>3813TZ</postcode>
		<telefoonnr>0332443213</telefoonnr>
	</afleveradres>
	<factuuradres>
		<adres>Maatweg 3</adres>
		<plaats>Amersfoort</plaats>
		<postcode>3813TZ</postcode>
		<telefoonnr>0332443213</telefoonnr>
	</factuuradres>
	<artikel>
		<nr>1963339</nr>
		<naam>Aciclovir </naam>
		<aantal>11</aantal>
	</artikel>
	<artikel>
		<nr>33144</nr>
		<naam>Aldesleukine</naam>
		<aantal>6</aantal>
	</artikel>
</order>
